google.com,gb5we
google.com,r5iEE
google.com,8Be49
google.com,rcfbc
google.com,CBre4
google.com,reab9
google.com,9ty9C
google.com,E1uka
google.com,dC3uE
google.com,f9FxC
google.com,idu9o
google.com,67cnE
google.com,f85u7
google.com,p5m36
google.com,i4nr9
google.com,8mx32
google.com,D5bye
www.reddit.com/,fD4fB
www.reddit.com/,A8cmD
reddit.com,2B6hp
reddit.com,yytdr
reddit.com,cflA8
reddit.com,i42A6
reddit.com,9mo44
reddit.com,3fsj0
getbootstrap.com,hfztg
getbootstrap.com,czmii
reddit.com,teerb
reddit.com,D53j0
reddit.com,6g681
reddit.com,0e3ro
reddit.com,8c2fx
reddit.com,bh1dh
reddit.com,rbx8i
reddit.com,cBDDc
reddit.com,1cy8j
reddit.com,1d5o0
reddit.com,tdEEc
reddit.com,03cCF
reddit.com,ix036
dashboard.heroku.com,8ldg2
reddit.com,87z47
reddit.com,3lbt6
reddit.com,7on8s
reddit.com,jp030
reddit.com,lA4ud
reddit.com,087l9
reddit.com,utpxo
reddit.com,D6a4w
reddit.com,aDy16
reddit.com,f9va0
reddit.com,112ak
reddit.com,uyfE2
reddit.com,jaaeb
reddit.com,5ytb0
